Сотовый телефон Samsung Galaxy S23 Ultra 12/512GB зеленый|89300 сом|https://www.kivano.kg/images/product/118784/1679158987_31384800.jpg
Сотовый телефон Samsung Galaxy Z Flip 5 8/512GB кремовый|63340 сом|https://www.kivano.kg/images/product/128256/1697901834_63832900.jpg
Сотовый телефон Samsung Galaxy S23 Ultra 12/512GB кремовый|89300 сом|https://www.kivano.kg/images/product/118785/1679159066_25158800.jpg
Сотовый телефон Samsung Galaxy Z Flip 5 8/512GB лавандовый|63340 сом|https://www.kivano.kg/images/product/128257/1697901941_07758200.jpg
Сотовый телефон Samsung Galaxy S23 Ultra 12/512GB графит|89300 сом|https://www.kivano.kg/images/product/118786/1679159154_75202700.jpg
Сотовый телефон Samsung Galaxy S23 Ultra 12/512GB голубой|89300 сом|https://www.kivano.kg/images/product/118787/1679159225_02657600.jpg
Сотовый телефон Samsung Galaxy S23 Ultra 12/512GB лайм|89300 сом|https://www.kivano.kg/images/product/118788/1679159303_34858200.jpg
Сотовый телефон Samsung Galaxy S23 Ultra 12/512GB красный|89300 сом|https://www.kivano.kg/images/product/118789/1679159390_27278700.jpg
Сотовый телефон Xiaomi Redmi 12C 6/128GB черный|10280 сом|https://www.kivano.kg/images/product/118790/1679159972_25379300.jpg
Сотовый телефон Xiaomi Redmi 12C 6/128GB мятный|10280 сом|https://www.kivano.kg/images/product/118791/1679159976_98230000.jpg
Сотовый телефон Xiaomi Redmi 12C 6/128GB синий|10280 сом|https://www.kivano.kg/images/product/118792/1679159979_27279600.jpg
Сотовый телефон Samsung Galaxy A14 4G 4/128GB зеленый|11910 сом|https://www.kivano.kg/images/product/118793/1679160263_12359900.jpg
Сотовый телефон Apple iPhone 13 128GB зеленый|55830 сом|https://www.kivano.kg/images/product/105482/1650357323_84906500.png
Сотовый телефон Xiaomi 12 12/256GB голубой|45640 сом|https://www.kivano.kg/images/product/105228/1649419104_93416600.jpg
Сотовый телефон Xiaomi 12 12/256GB серый|45640 сом|https://www.kivano.kg/images/product/105229/1649419306_24235400.jpg
Сотовый телефон Xiaomi 12 Lite 6/128GB черный|26970 сом|https://www.kivano.kg/images/product/109071/1658516810_62408600.jpg
Сотовый телефон Xiaomi 12 Lite 6/128GB зеленый|26970 сом|https://www.kivano.kg/images/product/109072/1658516838_91747800.jpg
Сотовый телефон Xiaomi 12 Lite 6/128GB розовый|26970 сом|https://www.kivano.kg/images/product/109073/1658516849_62016100.jpg
Сотовый телефон Xiaomi Poco F5 12/256GB черный|30670 сом|https://www.kivano.kg/images/product/121362/1684744540_59542100.jpg
Сотовый телефон Xiaomi Poco F5 12/256GB синий|30670 сом|https://www.kivano.kg/images/product/121363/1684744542_86036000.jpg
Сотовый телефон Samsung Galaxy S23 Ultra 12/512GB зеленый|89300 сом|https://www.kivano.kg/images/product/118784/1679158987_31384800.jpg
Сотовый телефон Samsung Galaxy Z Flip 5 8/512GB кремовый|63340 сом|https://www.kivano.kg/images/product/128256/1697901834_63832900.jpg
Сотовый телефон Samsung Galaxy S23 Ultra 12/512GB кремовый|89300 сом|https://www.kivano.kg/images/product/118785/1679159066_25158800.jpg
Сотовый телефон Samsung Galaxy Z Flip 5 8/512GB лавандовый|63340 сом|https://www.kivano.kg/images/product/128257/1697901941_07758200.jpg
Сотовый телефон Samsung Galaxy S23 Ultra 12/512GB графит|89300 сом|https://www.kivano.kg/images/product/118786/1679159154_75202700.jpg
Сотовый телефон Samsung Galaxy S23 Ultra 12/512GB голубой|89300 сом|https://www.kivano.kg/images/product/118787/1679159225_02657600.jpg
Сотовый телефон Samsung Galaxy S23 Ultra 12/512GB лайм|89300 сом|https://www.kivano.kg/images/product/118788/1679159303_34858200.jpg
Сотовый телефон Samsung Galaxy S23 Ultra 12/512GB красный|89300 сом|https://www.kivano.kg/images/product/118789/1679159390_27278700.jpg
Сотовый телефон Xiaomi Redmi 12C 6/128GB черный|10280 сом|https://www.kivano.kg/images/product/118790/1679159972_25379300.jpg
Сотовый телефон Xiaomi Redmi 12C 6/128GB мятный|10280 сом|https://www.kivano.kg/images/product/118791/1679159976_98230000.jpg
Сотовый телефон Xiaomi Redmi 12C 6/128GB синий|10280 сом|https://www.kivano.kg/images/product/118792/1679159979_27279600.jpg
Сотовый телефон Samsung Galaxy A14 4G 4/128GB зеленый|11910 сом|https://www.kivano.kg/images/product/118793/1679160263_12359900.jpg
Сотовый телефон Apple iPhone 13 128GB зеленый|55830 сом|https://www.kivano.kg/images/product/105482/1650357323_84906500.png
Сотовый телефон Xiaomi 12 12/256GB голубой|45640 сом|https://www.kivano.kg/images/product/105228/1649419104_93416600.jpg
Сотовый телефон Xiaomi 12 12/256GB серый|45640 сом|https://www.kivano.kg/images/product/105229/1649419306_24235400.jpg
Сотовый телефон Xiaomi 12 Lite 6/128GB черный|26970 сом|https://www.kivano.kg/images/product/109071/1658516810_62408600.jpg
Сотовый телефон Xiaomi 12 Lite 6/128GB зеленый|26970 сом|https://www.kivano.kg/images/product/109072/1658516838_91747800.jpg
Сотовый телефон Xiaomi 12 Lite 6/128GB розовый|26970 сом|https://www.kivano.kg/images/product/109073/1658516849_62016100.jpg
Сотовый телефон Xiaomi Poco F5 12/256GB черный|30670 сом|https://www.kivano.kg/images/product/121362/1684744540_59542100.jpg
Сотовый телефон Xiaomi Poco F5 12/256GB синий|30670 сом|https://www.kivano.kg/images/product/121363/1684744542_86036000.jpg
Сотовый телефон Samsung Galaxy S23 Ultra 12/512GB зеленый|89300 сом|https://www.kivano.kg/images/product/118784/1679158987_31384800.jpg
Сотовый телефон Samsung Galaxy Z Flip 5 8/512GB кремовый|63340 сом|https://www.kivano.kg/images/product/128256/1697901834_63832900.jpg
Сотовый телефон Samsung Galaxy S23 Ultra 12/512GB кремовый|89300 сом|https://www.kivano.kg/images/product/118785/1679159066_25158800.jpg
Сотовый телефон Samsung Galaxy Z Flip 5 8/512GB лавандовый|63340 сом|https://www.kivano.kg/images/product/128257/1697901941_07758200.jpg
Сотовый телефон Samsung Galaxy S23 Ultra 12/512GB графит|89300 сом|https://www.kivano.kg/images/product/118786/1679159154_75202700.jpg
Сотовый телефон Samsung Galaxy S23 Ultra 12/512GB голубой|89300 сом|https://www.kivano.kg/images/product/118787/1679159225_02657600.jpg
Сотовый телефон Samsung Galaxy S23 Ultra 12/512GB лайм|89300 сом|https://www.kivano.kg/images/product/118788/1679159303_34858200.jpg
Сотовый телефон Samsung Galaxy S23 Ultra 12/512GB красный|89300 сом|https://www.kivano.kg/images/product/118789/1679159390_27278700.jpg
Сотовый телефон Xiaomi Redmi 12C 6/128GB черный|10280 сом|https://www.kivano.kg/images/product/118790/1679159972_25379300.jpg
Сотовый телефон Xiaomi Redmi 12C 6/128GB мятный|10280 сом|https://www.kivano.kg/images/product/118791/1679159976_98230000.jpg
Сотовый телефон Xiaomi Redmi 12C 6/128GB синий|10280 сом|https://www.kivano.kg/images/product/118792/1679159979_27279600.jpg
Сотовый телефон Samsung Galaxy A14 4G 4/128GB зеленый|11910 сом|https://www.kivano.kg/images/product/118793/1679160263_12359900.jpg
Сотовый телефон Apple iPhone 13 128GB зеленый|55830 сом|https://www.kivano.kg/images/product/105482/1650357323_84906500.png
Сотовый телефон Xiaomi 12 12/256GB голубой|45640 сом|https://www.kivano.kg/images/product/105228/1649419104_93416600.jpg
Сотовый телефон Xiaomi 12 12/256GB серый|45640 сом|https://www.kivano.kg/images/product/105229/1649419306_24235400.jpg
Сотовый телефон Xiaomi 12 Lite 6/128GB черный|26970 сом|https://www.kivano.kg/images/product/109071/1658516810_62408600.jpg
Сотовый телефон Xiaomi 12 Lite 6/128GB зеленый|26970 сом|https://www.kivano.kg/images/product/109072/1658516838_91747800.jpg
Сотовый телефон Xiaomi 12 Lite 6/128GB розовый|26970 сом|https://www.kivano.kg/images/product/109073/1658516849_62016100.jpg
Сотовый телефон Xiaomi Poco F5 12/256GB черный|30670 сом|https://www.kivano.kg/images/product/121362/1684744540_59542100.jpg
Сотовый телефон Xiaomi Poco F5 12/256GB синий|30670 сом|https://www.kivano.kg/images/product/121363/1684744542_86036000.jpg
Сотовый телефон Samsung Galaxy S23 Ultra 12/512GB зеленый|89300 сом|https://www.kivano.kg/images/product/118784/1679158987_31384800.jpg
Сотовый телефон Samsung Galaxy Z Flip 5 8/512GB кремовый|63340 сом|https://www.kivano.kg/images/product/128256/1697901834_63832900.jpg
Сотовый телефон Samsung Galaxy S23 Ultra 12/512GB кремовый|89300 сом|https://www.kivano.kg/images/product/118785/1679159066_25158800.jpg
Сотовый телефон Samsung Galaxy Z Flip 5 8/512GB лавандовый|63340 сом|https://www.kivano.kg/images/product/128257/1697901941_07758200.jpg
Сотовый телефон Samsung Galaxy S23 Ultra 12/512GB графит|89300 сом|https://www.kivano.kg/images/product/118786/1679159154_75202700.jpg
Сотовый телефон Samsung Galaxy S23 Ultra 12/512GB голубой|89300 сом|https://www.kivano.kg/images/product/118787/1679159225_02657600.jpg
Сотовый телефон Samsung Galaxy S23 Ultra 12/512GB лайм|89300 сом|https://www.kivano.kg/images/product/118788/1679159303_34858200.jpg
Сотовый телефон Samsung Galaxy S23 Ultra 12/512GB красный|89300 сом|https://www.kivano.kg/images/product/118789/1679159390_27278700.jpg
Сотовый телефон Xiaomi Redmi 12C 6/128GB черный|10280 сом|https://www.kivano.kg/images/product/118790/1679159972_25379300.jpg
Сотовый телефон Xiaomi Redmi 12C 6/128GB мятный|10280 сом|https://www.kivano.kg/images/product/118791/1679159976_98230000.jpg
Сотовый телефон Xiaomi Redmi 12C 6/128GB синий|10280 сом|https://www.kivano.kg/images/product/118792/1679159979_27279600.jpg
Сотовый телефон Samsung Galaxy A14 4G 4/128GB зеленый|11910 сом|https://www.kivano.kg/images/product/118793/1679160263_12359900.jpg
Сотовый телефон Apple iPhone 13 128GB зеленый|55830 сом|https://www.kivano.kg/images/product/105482/1650357323_84906500.png
Сотовый телефон Xiaomi 12 12/256GB голубой|45640 сом|https://www.kivano.kg/images/product/105228/1649419104_93416600.jpg
Сотовый телефон Xiaomi 12 12/256GB серый|45640 сом|https://www.kivano.kg/images/product/105229/1649419306_24235400.jpg
Сотовый телефон Xiaomi 12 Lite 6/128GB черный|26970 сом|https://www.kivano.kg/images/product/109071/1658516810_62408600.jpg
Сотовый телефон Xiaomi 12 Lite 6/128GB зеленый|26970 сом|https://www.kivano.kg/images/product/109072/1658516838_91747800.jpg
Сотовый телефон Xiaomi 12 Lite 6/128GB розовый|26970 сом|https://www.kivano.kg/images/product/109073/1658516849_62016100.jpg
Сотовый телефон Xiaomi Poco F5 12/256GB черный|30670 сом|https://www.kivano.kg/images/product/121362/1684744540_59542100.jpg
Сотовый телефон Xiaomi Poco F5 12/256GB синий|30670 сом|https://www.kivano.kg/images/product/121363/1684744542_86036000.jpg
Сотовый телефон Samsung Galaxy S23 Ultra 12/512GB зеленый|89300 сом|https://www.kivano.kg/images/product/118784/1679158987_31384800.jpg
Сотовый телефон Samsung Galaxy Z Flip 5 8/512GB кремовый|63340 сом|https://www.kivano.kg/images/product/128256/1697901834_63832900.jpg
Сотовый телефон Samsung Galaxy S23 Ultra 12/512GB кремовый|89300 сом|https://www.kivano.kg/images/product/118785/1679159066_25158800.jpg
Сотовый телефон Samsung Galaxy Z Flip 5 8/512GB лавандовый|63340 сом|https://www.kivano.kg/images/product/128257/1697901941_07758200.jpg
Сотовый телефон Samsung Galaxy S23 Ultra 12/512GB графит|89300 сом|https://www.kivano.kg/images/product/118786/1679159154_75202700.jpg
Сотовый телефон Samsung Galaxy S23 Ultra 12/512GB голубой|89300 сом|https://www.kivano.kg/images/product/118787/1679159225_02657600.jpg
Сотовый телефон Samsung Galaxy S23 Ultra 12/512GB лайм|89300 сом|https://www.kivano.kg/images/product/118788/1679159303_34858200.jpg
Сотовый телефон Samsung Galaxy S23 Ultra 12/512GB красный|89300 сом|https://www.kivano.kg/images/product/118789/1679159390_27278700.jpg
Сотовый телефон Xiaomi Redmi 12C 6/128GB черный|10280 сом|https://www.kivano.kg/images/product/118790/1679159972_25379300.jpg
Сотовый телефон Xiaomi Redmi 12C 6/128GB мятный|10280 сом|https://www.kivano.kg/images/product/118791/1679159976_98230000.jpg
Сотовый телефон Xiaomi Redmi 12C 6/128GB синий|10280 сом|https://www.kivano.kg/images/product/118792/1679159979_27279600.jpg
Сотовый телефон Samsung Galaxy A14 4G 4/128GB зеленый|11910 сом|https://www.kivano.kg/images/product/118793/1679160263_12359900.jpg
Сотовый телефон Apple iPhone 13 128GB зеленый|55830 сом|https://www.kivano.kg/images/product/105482/1650357323_84906500.png
Сотовый телефон Xiaomi 12 12/256GB голубой|45640 сом|https://www.kivano.kg/images/product/105228/1649419104_93416600.jpg
Сотовый телефон Xiaomi 12 12/256GB серый|45640 сом|https://www.kivano.kg/images/product/105229/1649419306_24235400.jpg
Сотовый телефон Xiaomi 12 Lite 6/128GB черный|26970 сом|https://www.kivano.kg/images/product/109071/1658516810_62408600.jpg
Сотовый телефон Xiaomi 12 Lite 6/128GB зеленый|26970 сом|https://www.kivano.kg/images/product/109072/1658516838_91747800.jpg
Сотовый телефон Xiaomi 12 Lite 6/128GB розовый|26970 сом|https://www.kivano.kg/images/product/109073/1658516849_62016100.jpg
Сотовый телефон Xiaomi Poco F5 12/256GB черный|30670 сом|https://www.kivano.kg/images/product/121362/1684744540_59542100.jpg
Сотовый телефон Xiaomi Poco F5 12/256GB синий|30670 сом|https://www.kivano.kg/images/product/121363/1684744542_86036000.jpg
Сотовый телефон Samsung Galaxy S23 Ultra 12/512GB зеленый|89300 сом|https://www.kivano.kg/images/product/118784/1679158987_31384800.jpg
Сотовый телефон Samsung Galaxy Z Flip 5 8/512GB кремовый|63340 сом|https://www.kivano.kg/images/product/128256/1697901834_63832900.jpg
Сотовый телефон Samsung Galaxy S23 Ultra 12/512GB кремовый|89300 сом|https://www.kivano.kg/images/product/118785/1679159066_25158800.jpg
Сотовый телефон Samsung Galaxy Z Flip 5 8/512GB лавандовый|63340 сом|https://www.kivano.kg/images/product/128257/1697901941_07758200.jpg
Сотовый телефон Samsung Galaxy S23 Ultra 12/512GB графит|89300 сом|https://www.kivano.kg/images/product/118786/1679159154_75202700.jpg
Сотовый телефон Samsung Galaxy S23 Ultra 12/512GB голубой|89300 сом|https://www.kivano.kg/images/product/118787/1679159225_02657600.jpg
Сотовый телефон Samsung Galaxy S23 Ultra 12/512GB лайм|89300 сом|https://www.kivano.kg/images/product/118788/1679159303_34858200.jpg
Сотовый телефон Samsung Galaxy S23 Ultra 12/512GB красный|89300 сом|https://www.kivano.kg/images/product/118789/1679159390_27278700.jpg
Сотовый телефон Xiaomi Redmi 12C 6/128GB черный|10280 сом|https://www.kivano.kg/images/product/118790/1679159972_25379300.jpg
Сотовый телефон Xiaomi Redmi 12C 6/128GB мятный|10280 сом|https://www.kivano.kg/images/product/118791/1679159976_98230000.jpg
Сотовый телефон Xiaomi Redmi 12C 6/128GB синий|10280 сом|https://www.kivano.kg/images/product/118792/1679159979_27279600.jpg
Сотовый телефон Samsung Galaxy A14 4G 4/128GB зеленый|11910 сом|https://www.kivano.kg/images/product/118793/1679160263_12359900.jpg
Сотовый телефон Apple iPhone 13 128GB зеленый|55830 сом|https://www.kivano.kg/images/product/105482/1650357323_84906500.png
Сотовый телефон Xiaomi 12 12/256GB голубой|45640 сом|https://www.kivano.kg/images/product/105228/1649419104_93416600.jpg
Сотовый телефон Xiaomi 12 12/256GB серый|45640 сом|https://www.kivano.kg/images/product/105229/1649419306_24235400.jpg
Сотовый телефон Xiaomi 12 Lite 6/128GB черный|26970 сом|https://www.kivano.kg/images/product/109071/1658516810_62408600.jpg
Сотовый телефон Xiaomi 12 Lite 6/128GB зеленый|26970 сом|https://www.kivano.kg/images/product/109072/1658516838_91747800.jpg
Сотовый телефон Xiaomi 12 Lite 6/128GB розовый|26970 сом|https://www.kivano.kg/images/product/109073/1658516849_62016100.jpg
Сотовый телефон Xiaomi Poco F5 12/256GB черный|30670 сом|https://www.kivano.kg/images/product/121362/1684744540_59542100.jpg
Сотовый телефон Xiaomi Poco F5 12/256GB синий|30670 сом|https://www.kivano.kg/images/product/121363/1684744542_86036000.jpg
Сотовый телефон Samsung Galaxy S23 Ultra 12/512GB зеленый|89300 сом|https://www.kivano.kg/images/product/118784/1679158987_31384800.jpg
Сотовый телефон Samsung Galaxy Z Flip 5 8/512GB кремовый|63340 сом|https://www.kivano.kg/images/product/128256/1697901834_63832900.jpg
Сотовый телефон Samsung Galaxy S23 Ultra 12/512GB кремовый|89300 сом|https://www.kivano.kg/images/product/118785/1679159066_25158800.jpg
Сотовый телефон Samsung Galaxy Z Flip 5 8/512GB лавандовый|63340 сом|https://www.kivano.kg/images/product/128257/1697901941_07758200.jpg
Сотовый телефон Samsung Galaxy S23 Ultra 12/512GB графит|89300 сом|https://www.kivano.kg/images/product/118786/1679159154_75202700.jpg
Сотовый телефон Samsung Galaxy S23 Ultra 12/512GB голубой|89300 сом|https://www.kivano.kg/images/product/118787/1679159225_02657600.jpg
Сотовый телефон Samsung Galaxy S23 Ultra 12/512GB лайм|89300 сом|https://www.kivano.kg/images/product/118788/1679159303_34858200.jpg
Сотовый телефон Samsung Galaxy S23 Ultra 12/512GB красный|89300 сом|https://www.kivano.kg/images/product/118789/1679159390_27278700.jpg
Сотовый телефон Xiaomi Redmi 12C 6/128GB черный|10280 сом|https://www.kivano.kg/images/product/118790/1679159972_25379300.jpg
Сотовый телефон Xiaomi Redmi 12C 6/128GB мятный|10280 сом|https://www.kivano.kg/images/product/118791/1679159976_98230000.jpg
Сотовый телефон Xiaomi Redmi 12C 6/128GB синий|10280 сом|https://www.kivano.kg/images/product/118792/1679159979_27279600.jpg
Сотовый телефон Samsung Galaxy A14 4G 4/128GB зеленый|11910 сом|https://www.kivano.kg/images/product/118793/1679160263_12359900.jpg
Сотовый телефон Apple iPhone 13 128GB зеленый|55830 сом|https://www.kivano.kg/images/product/105482/1650357323_84906500.png
Сотовый телефон Xiaomi 12 12/256GB голубой|45640 сом|https://www.kivano.kg/images/product/105228/1649419104_93416600.jpg
Сотовый телефон Xiaomi 12 12/256GB серый|45640 сом|https://www.kivano.kg/images/product/105229/1649419306_24235400.jpg
Сотовый телефон Xiaomi 12 Lite 6/128GB черный|26970 сом|https://www.kivano.kg/images/product/109071/1658516810_62408600.jpg
Сотовый телефон Xiaomi 12 Lite 6/128GB зеленый|26970 сом|https://www.kivano.kg/images/product/109072/1658516838_91747800.jpg
Сотовый телефон Xiaomi 12 Lite 6/128GB розовый|26970 сом|https://www.kivano.kg/images/product/109073/1658516849_62016100.jpg
Сотовый телефон Xiaomi Poco F5 12/256GB черный|30670 сом|https://www.kivano.kg/images/product/121362/1684744540_59542100.jpg
Сотовый телефон Xiaomi Poco F5 12/256GB синий|30670 сом|https://www.kivano.kg/images/product/121363/1684744542_86036000.jpg
Сотовый телефон Samsung Galaxy S23 Ultra 12/512GB зеленый|89300 сом|https://www.kivano.kg/images/product/118784/1679158987_31384800.jpg
Сотовый телефон Samsung Galaxy Z Flip 5 8/512GB кремовый|63340 сом|https://www.kivano.kg/images/product/128256/1697901834_63832900.jpg
Сотовый телефон Samsung Galaxy S23 Ultra 12/512GB кремовый|89300 сом|https://www.kivano.kg/images/product/118785/1679159066_25158800.jpg
Сотовый телефон Samsung Galaxy Z Flip 5 8/512GB лавандовый|63340 сом|https://www.kivano.kg/images/product/128257/1697901941_07758200.jpg
Сотовый телефон Samsung Galaxy S23 Ultra 12/512GB графит|89300 сом|https://www.kivano.kg/images/product/118786/1679159154_75202700.jpg
Сотовый телефон Samsung Galaxy S23 Ultra 12/512GB голубой|89300 сом|https://www.kivano.kg/images/product/118787/1679159225_02657600.jpg
Сотовый телефон Samsung Galaxy S23 Ultra 12/512GB лайм|89300 сом|https://www.kivano.kg/images/product/118788/1679159303_34858200.jpg
Сотовый телефон Samsung Galaxy S23 Ultra 12/512GB красный|89300 сом|https://www.kivano.kg/images/product/118789/1679159390_27278700.jpg
Сотовый телефон Xiaomi Redmi 12C 6/128GB черный|10280 сом|https://www.kivano.kg/images/product/118790/1679159972_25379300.jpg
Сотовый телефон Xiaomi Redmi 12C 6/128GB мятный|10280 сом|https://www.kivano.kg/images/product/118791/1679159976_98230000.jpg
Сотовый телефон Xiaomi Redmi 12C 6/128GB синий|10280 сом|https://www.kivano.kg/images/product/118792/1679159979_27279600.jpg
Сотовый телефон Samsung Galaxy A14 4G 4/128GB зеленый|11910 сом|https://www.kivano.kg/images/product/118793/1679160263_12359900.jpg
Сотовый телефон Apple iPhone 13 128GB зеленый|55830 сом|https://www.kivano.kg/images/product/105482/1650357323_84906500.png
Сотовый телефон Xiaomi 12 12/256GB голубой|45640 сом|https://www.kivano.kg/images/product/105228/1649419104_93416600.jpg
Сотовый телефон Xiaomi 12 12/256GB серый|45640 сом|https://www.kivano.kg/images/product/105229/1649419306_24235400.jpg
Сотовый телефон Xiaomi 12 Lite 6/128GB черный|26970 сом|https://www.kivano.kg/images/product/109071/1658516810_62408600.jpg
Сотовый телефон Xiaomi 12 Lite 6/128GB зеленый|26970 сом|https://www.kivano.kg/images/product/109072/1658516838_91747800.jpg
Сотовый телефон Xiaomi 12 Lite 6/128GB розовый|26970 сом|https://www.kivano.kg/images/product/109073/1658516849_62016100.jpg
Сотовый телефон Xiaomi Poco F5 12/256GB черный|30670 сом|https://www.kivano.kg/images/product/121362/1684744540_59542100.jpg
Сотовый телефон Xiaomi Poco F5 12/256GB синий|30670 сом|https://www.kivano.kg/images/product/121363/1684744542_86036000.jpg
Сотовый телефон Samsung Galaxy S23 Ultra 12/512GB зеленый|89300 сом|https://www.kivano.kg/images/product/118784/1679158987_31384800.jpg
Сотовый телефон Samsung Galaxy Z Flip 5 8/512GB кремовый|63340 сом|https://www.kivano.kg/images/product/128256/1697901834_63832900.jpg
Сотовый телефон Samsung Galaxy S23 Ultra 12/512GB кремовый|89300 сом|https://www.kivano.kg/images/product/118785/1679159066_25158800.jpg
Сотовый телефон Samsung Galaxy Z Flip 5 8/512GB лавандовый|63340 сом|https://www.kivano.kg/images/product/128257/1697901941_07758200.jpg
Сотовый телефон Samsung Galaxy S23 Ultra 12/512GB графит|89300 сом|https://www.kivano.kg/images/product/118786/1679159154_75202700.jpg
Сотовый телефон Samsung Galaxy S23 Ultra 12/512GB голубой|89300 сом|https://www.kivano.kg/images/product/118787/1679159225_02657600.jpg
Сотовый телефон Samsung Galaxy S23 Ultra 12/512GB лайм|89300 сом|https://www.kivano.kg/images/product/118788/1679159303_34858200.jpg
Сотовый телефон Samsung Galaxy S23 Ultra 12/512GB красный|89300 сом|https://www.kivano.kg/images/product/118789/1679159390_27278700.jpg
Сотовый телефон Xiaomi Redmi 12C 6/128GB черный|10280 сом|https://www.kivano.kg/images/product/118790/1679159972_25379300.jpg
Сотовый телефон Xiaomi Redmi 12C 6/128GB мятный|10280 сом|https://www.kivano.kg/images/product/118791/1679159976_98230000.jpg
Сотовый телефон Xiaomi Redmi 12C 6/128GB синий|10280 сом|https://www.kivano.kg/images/product/118792/1679159979_27279600.jpg
Сотовый телефон Samsung Galaxy A14 4G 4/128GB зеленый|11910 сом|https://www.kivano.kg/images/product/118793/1679160263_12359900.jpg
Сотовый телефон Apple iPhone 13 128GB зеленый|55830 сом|https://www.kivano.kg/images/product/105482/1650357323_84906500.png
Сотовый телефон Xiaomi 12 12/256GB голубой|45640 сом|https://www.kivano.kg/images/product/105228/1649419104_93416600.jpg
Сотовый телефон Xiaomi 12 12/256GB серый|45640 сом|https://www.kivano.kg/images/product/105229/1649419306_24235400.jpg
Сотовый телефон Xiaomi 12 Lite 6/128GB черный|26970 сом|https://www.kivano.kg/images/product/109071/1658516810_62408600.jpg
Сотовый телефон Xiaomi 12 Lite 6/128GB зеленый|26970 сом|https://www.kivano.kg/images/product/109072/1658516838_91747800.jpg
Сотовый телефон Xiaomi 12 Lite 6/128GB розовый|26970 сом|https://www.kivano.kg/images/product/109073/1658516849_62016100.jpg
Сотовый телефон Xiaomi Poco F5 12/256GB черный|30670 сом|https://www.kivano.kg/images/product/121362/1684744540_59542100.jpg
Сотовый телефон Xiaomi Poco F5 12/256GB синий|30670 сом|https://www.kivano.kg/images/product/121363/1684744542_86036000.jpg
Сотовый телефон Samsung Galaxy S23 Ultra 12/512GB зеленый|89300 сом|https://www.kivano.kg/images/product/118784/1679158987_31384800.jpg
Сотовый телефон Samsung Galaxy Z Flip 5 8/512GB кремовый|63340 сом|https://www.kivano.kg/images/product/128256/1697901834_63832900.jpg
Сотовый телефон Samsung Galaxy S23 Ultra 12/512GB кремовый|89300 сом|https://www.kivano.kg/images/product/118785/1679159066_25158800.jpg
Сотовый телефон Samsung Galaxy Z Flip 5 8/512GB лавандовый|63340 сом|https://www.kivano.kg/images/product/128257/1697901941_07758200.jpg
Сотовый телефон Samsung Galaxy S23 Ultra 12/512GB графит|89300 сом|https://www.kivano.kg/images/product/118786/1679159154_75202700.jpg
Сотовый телефон Samsung Galaxy S23 Ultra 12/512GB голубой|89300 сом|https://www.kivano.kg/images/product/118787/1679159225_02657600.jpg
Сотовый телефон Samsung Galaxy S23 Ultra 12/512GB лайм|89300 сом|https://www.kivano.kg/images/product/118788/1679159303_34858200.jpg
Сотовый телефон Samsung Galaxy S23 Ultra 12/512GB красный|89300 сом|https://www.kivano.kg/images/product/118789/1679159390_27278700.jpg
Сотовый телефон Xiaomi Redmi 12C 6/128GB черный|10280 сом|https://www.kivano.kg/images/product/118790/1679159972_25379300.jpg
Сотовый телефон Xiaomi Redmi 12C 6/128GB мятный|10280 сом|https://www.kivano.kg/images/product/118791/1679159976_98230000.jpg
Сотовый телефон Xiaomi Redmi 12C 6/128GB синий|10280 сом|https://www.kivano.kg/images/product/118792/1679159979_27279600.jpg
Сотовый телефон Samsung Galaxy A14 4G 4/128GB зеленый|11910 сом|https://www.kivano.kg/images/product/118793/1679160263_12359900.jpg
Сотовый телефон Apple iPhone 13 128GB зеленый|55830 сом|https://www.kivano.kg/images/product/105482/1650357323_84906500.png
Сотовый телефон Xiaomi 12 12/256GB голубой|45640 сом|https://www.kivano.kg/images/product/105228/1649419104_93416600.jpg
Сотовый телефон Xiaomi 12 12/256GB серый|45640 сом|https://www.kivano.kg/images/product/105229/1649419306_24235400.jpg
Сотовый телефон Xiaomi 12 Lite 6/128GB черный|26970 сом|https://www.kivano.kg/images/product/109071/1658516810_62408600.jpg
Сотовый телефон Xiaomi 12 Lite 6/128GB зеленый|26970 сом|https://www.kivano.kg/images/product/109072/1658516838_91747800.jpg
Сотовый телефон Xiaomi 12 Lite 6/128GB розовый|26970 сом|https://www.kivano.kg/images/product/109073/1658516849_62016100.jpg
Сотовый телефон Xiaomi Poco F5 12/256GB черный|30670 сом|https://www.kivano.kg/images/product/121362/1684744540_59542100.jpg
Сотовый телефон Xiaomi Poco F5 12/256GB синий|30670 сом|https://www.kivano.kg/images/product/121363/1684744542_86036000.jpg
Сотовый телефон Samsung Galaxy S23 Ultra 12/512GB зеленый|89300 сом|https://www.kivano.kg/images/product/118784/1679158987_31384800.jpg
Сотовый телефон Samsung Galaxy Z Flip 5 8/512GB кремовый|63340 сом|https://www.kivano.kg/images/product/128256/1697901834_63832900.jpg
Сотовый телефон Samsung Galaxy S23 Ultra 12/512GB кремовый|89300 сом|https://www.kivano.kg/images/product/118785/1679159066_25158800.jpg
Сотовый телефон Samsung Galaxy Z Flip 5 8/512GB лавандовый|63340 сом|https://www.kivano.kg/images/product/128257/1697901941_07758200.jpg
Сотовый телефон Samsung Galaxy S23 Ultra 12/512GB графит|89300 сом|https://www.kivano.kg/images/product/118786/1679159154_75202700.jpg
Сотовый телефон Samsung Galaxy S23 Ultra 12/512GB голубой|89300 сом|https://www.kivano.kg/images/product/118787/1679159225_02657600.jpg
Сотовый телефон Samsung Galaxy S23 Ultra 12/512GB лайм|89300 сом|https://www.kivano.kg/images/product/118788/1679159303_34858200.jpg
Сотовый телефон Samsung Galaxy S23 Ultra 12/512GB красный|89300 сом|https://www.kivano.kg/images/product/118789/1679159390_27278700.jpg
Сотовый телефон Xiaomi Redmi 12C 6/128GB черный|10280 сом|https://www.kivano.kg/images/product/118790/1679159972_25379300.jpg
Сотовый телефон Xiaomi Redmi 12C 6/128GB мятный|10280 сом|https://www.kivano.kg/images/product/118791/1679159976_98230000.jpg
Сотовый телефон Xiaomi Redmi 12C 6/128GB синий|10280 сом|https://www.kivano.kg/images/product/118792/1679159979_27279600.jpg
Сотовый телефон Samsung Galaxy A14 4G 4/128GB зеленый|11910 сом|https://www.kivano.kg/images/product/118793/1679160263_12359900.jpg
Сотовый телефон Apple iPhone 13 128GB зеленый|55830 сом|https://www.kivano.kg/images/product/105482/1650357323_84906500.png
Сотовый телефон Xiaomi 12 12/256GB голубой|45640 сом|https://www.kivano.kg/images/product/105228/1649419104_93416600.jpg
Сотовый телефон Xiaomi 12 12/256GB серый|45640 сом|https://www.kivano.kg/images/product/105229/1649419306_24235400.jpg
Сотовый телефон Xiaomi 12 Lite 6/128GB черный|26970 сом|https://www.kivano.kg/images/product/109071/1658516810_62408600.jpg
Сотовый телефон Xiaomi 12 Lite 6/128GB зеленый|26970 сом|https://www.kivano.kg/images/product/109072/1658516838_91747800.jpg
Сотовый телефон Xiaomi 12 Lite 6/128GB розовый|26970 сом|https://www.kivano.kg/images/product/109073/1658516849_62016100.jpg
Сотовый телефон Xiaomi Poco F5 12/256GB черный|30670 сом|https://www.kivano.kg/images/product/121362/1684744540_59542100.jpg
Сотовый телефон Xiaomi Poco F5 12/256GB синий|30670 сом|https://www.kivano.kg/images/product/121363/1684744542_86036000.jpg
Сотовый телефон Samsung Galaxy S23 Ultra 12/512GB зеленый|89300 сом|https://www.kivano.kg/images/product/118784/1679158987_31384800.jpg
Сотовый телефон Samsung Galaxy Z Flip 5 8/512GB кремовый|63340 сом|https://www.kivano.kg/images/product/128256/1697901834_63832900.jpg
Сотовый телефон Samsung Galaxy S23 Ultra 12/512GB кремовый|89300 сом|https://www.kivano.kg/images/product/118785/1679159066_25158800.jpg
Сотовый телефон Samsung Galaxy Z Flip 5 8/512GB лавандовый|63340 сом|https://www.kivano.kg/images/product/128257/1697901941_07758200.jpg
Сотовый телефон Samsung Galaxy S23 Ultra 12/512GB графит|89300 сом|https://www.kivano.kg/images/product/118786/1679159154_75202700.jpg
Сотовый телефон Samsung Galaxy S23 Ultra 12/512GB голубой|89300 сом|https://www.kivano.kg/images/product/118787/1679159225_02657600.jpg
Сотовый телефон Samsung Galaxy S23 Ultra 12/512GB лайм|89300 сом|https://www.kivano.kg/images/product/118788/1679159303_34858200.jpg
Сотовый телефон Samsung Galaxy S23 Ultra 12/512GB красный|89300 сом|https://www.kivano.kg/images/product/118789/1679159390_27278700.jpg
Сотовый телефон Xiaomi Redmi 12C 6/128GB черный|10280 сом|https://www.kivano.kg/images/product/118790/1679159972_25379300.jpg
Сотовый телефон Xiaomi Redmi 12C 6/128GB мятный|10280 сом|https://www.kivano.kg/images/product/118791/1679159976_98230000.jpg
Сотовый телефон Xiaomi Redmi 12C 6/128GB синий|10280 сом|https://www.kivano.kg/images/product/118792/1679159979_27279600.jpg
Сотовый телефон Samsung Galaxy A14 4G 4/128GB зеленый|11910 сом|https://www.kivano.kg/images/product/118793/1679160263_12359900.jpg
Сотовый телефон Apple iPhone 13 128GB зеленый|55830 сом|https://www.kivano.kg/images/product/105482/1650357323_84906500.png
Сотовый телефон Xiaomi 12 12/256GB голубой|45640 сом|https://www.kivano.kg/images/product/105228/1649419104_93416600.jpg
Сотовый телефон Xiaomi 12 12/256GB серый|45640 сом|https://www.kivano.kg/images/product/105229/1649419306_24235400.jpg
Сотовый телефон Xiaomi 12 Lite 6/128GB черный|26970 сом|https://www.kivano.kg/images/product/109071/1658516810_62408600.jpg
Сотовый телефон Xiaomi 12 Lite 6/128GB зеленый|26970 сом|https://www.kivano.kg/images/product/109072/1658516838_91747800.jpg
Сотовый телефон Xiaomi 12 Lite 6/128GB розовый|26970 сом|https://www.kivano.kg/images/product/109073/1658516849_62016100.jpg
Сотовый телефон Xiaomi Poco F5 12/256GB черный|30670 сом|https://www.kivano.kg/images/product/121362/1684744540_59542100.jpg
Сотовый телефон Xiaomi Poco F5 12/256GB синий|30670 сом|https://www.kivano.kg/images/product/121363/1684744542_86036000.jpg
Сотовый телефон Samsung Galaxy S23 Ultra 12/512GB зеленый|89300 сом|https://www.kivano.kg/images/product/118784/1679158987_31384800.jpg
Сотовый телефон Samsung Galaxy Z Flip 5 8/512GB кремовый|63340 сом|https://www.kivano.kg/images/product/128256/1697901834_63832900.jpg
Сотовый телефон Samsung Galaxy S23 Ultra 12/512GB кремовый|89300 сом|https://www.kivano.kg/images/product/118785/1679159066_25158800.jpg
Сотовый телефон Samsung Galaxy Z Flip 5 8/512GB лавандовый|63340 сом|https://www.kivano.kg/images/product/128257/1697901941_07758200.jpg
Сотовый телефон Samsung Galaxy S23 Ultra 12/512GB графит|89300 сом|https://www.kivano.kg/images/product/118786/1679159154_75202700.jpg
Сотовый телефон Samsung Galaxy S23 Ultra 12/512GB голубой|89300 сом|https://www.kivano.kg/images/product/118787/1679159225_02657600.jpg
Сотовый телефон Samsung Galaxy S23 Ultra 12/512GB лайм|89300 сом|https://www.kivano.kg/images/product/118788/1679159303_34858200.jpg
Сотовый телефон Samsung Galaxy S23 Ultra 12/512GB красный|89300 сом|https://www.kivano.kg/images/product/118789/1679159390_27278700.jpg
Сотовый телефон Xiaomi Redmi 12C 6/128GB черный|10280 сом|https://www.kivano.kg/images/product/118790/1679159972_25379300.jpg
Сотовый телефон Xiaomi Redmi 12C 6/128GB мятный|10280 сом|https://www.kivano.kg/images/product/118791/1679159976_98230000.jpg
Сотовый телефон Xiaomi Redmi 12C 6/128GB синий|10280 сом|https://www.kivano.kg/images/product/118792/1679159979_27279600.jpg
Сотовый телефон Samsung Galaxy A14 4G 4/128GB зеленый|11910 сом|https://www.kivano.kg/images/product/118793/1679160263_12359900.jpg
Сотовый телефон Apple iPhone 13 128GB зеленый|55830 сом|https://www.kivano.kg/images/product/105482/1650357323_84906500.png
Сотовый телефон Xiaomi 12 12/256GB голубой|45640 сом|https://www.kivano.kg/images/product/105228/1649419104_93416600.jpg
Сотовый телефон Xiaomi 12 12/256GB серый|45640 сом|https://www.kivano.kg/images/product/105229/1649419306_24235400.jpg
Сотовый телефон Xiaomi 12 Lite 6/128GB черный|26970 сом|https://www.kivano.kg/images/product/109071/1658516810_62408600.jpg
Сотовый телефон Xiaomi 12 Lite 6/128GB зеленый|26970 сом|https://www.kivano.kg/images/product/109072/1658516838_91747800.jpg
Сотовый телефон Xiaomi 12 Lite 6/128GB розовый|26970 сом|https://www.kivano.kg/images/product/109073/1658516849_62016100.jpg
Сотовый телефон Xiaomi Poco F5 12/256GB черный|30670 сом|https://www.kivano.kg/images/product/121362/1684744540_59542100.jpg
Сотовый телефон Xiaomi Poco F5 12/256GB синий|30670 сом|https://www.kivano.kg/images/product/121363/1684744542_86036000.jpg
Сотовый телефон Samsung Galaxy S23 Ultra 12/512GB зеленый|89300 сом|https://www.kivano.kg/images/product/118784/1679158987_31384800.jpg
Сотовый телефон Samsung Galaxy Z Flip 5 8/512GB кремовый|63340 сом|https://www.kivano.kg/images/product/128256/1697901834_63832900.jpg
Сотовый телефон Samsung Galaxy S23 Ultra 12/512GB кремовый|89300 сом|https://www.kivano.kg/images/product/118785/1679159066_25158800.jpg
Сотовый телефон Samsung Galaxy Z Flip 5 8/512GB лавандовый|63340 сом|https://www.kivano.kg/images/product/128257/1697901941_07758200.jpg
Сотовый телефон Samsung Galaxy S23 Ultra 12/512GB графит|89300 сом|https://www.kivano.kg/images/product/118786/1679159154_75202700.jpg
Сотовый телефон Samsung Galaxy S23 Ultra 12/512GB голубой|89300 сом|https://www.kivano.kg/images/product/118787/1679159225_02657600.jpg
Сотовый телефон Samsung Galaxy S23 Ultra 12/512GB лайм|89300 сом|https://www.kivano.kg/images/product/118788/1679159303_34858200.jpg
Сотовый телефон Samsung Galaxy S23 Ultra 12/512GB красный|89300 сом|https://www.kivano.kg/images/product/118789/1679159390_27278700.jpg
Сотовый телефон Xiaomi Redmi 12C 6/128GB черный|10280 сом|https://www.kivano.kg/images/product/118790/1679159972_25379300.jpg
Сотовый телефон Xiaomi Redmi 12C 6/128GB мятный|10280 сом|https://www.kivano.kg/images/product/118791/1679159976_98230000.jpg
Сотовый телефон Xiaomi Redmi 12C 6/128GB синий|10280 сом|https://www.kivano.kg/images/product/118792/1679159979_27279600.jpg
Сотовый телефон Samsung Galaxy A14 4G 4/128GB зеленый|11910 сом|https://www.kivano.kg/images/product/118793/1679160263_12359900.jpg
Сотовый телефон Apple iPhone 13 128GB зеленый|55830 сом|https://www.kivano.kg/images/product/105482/1650357323_84906500.png
Сотовый телефон Xiaomi 12 12/256GB голубой|45640 сом|https://www.kivano.kg/images/product/105228/1649419104_93416600.jpg
Сотовый телефон Xiaomi 12 12/256GB серый|45640 сом|https://www.kivano.kg/images/product/105229/1649419306_24235400.jpg
Сотовый телефон Xiaomi 12 Lite 6/128GB черный|26970 сом|https://www.kivano.kg/images/product/109071/1658516810_62408600.jpg
Сотовый телефон Xiaomi 12 Lite 6/128GB зеленый|26970 сом|https://www.kivano.kg/images/product/109072/1658516838_91747800.jpg
Сотовый телефон Xiaomi 12 Lite 6/128GB розовый|26970 сом|https://www.kivano.kg/images/product/109073/1658516849_62016100.jpg
Сотовый телефон Xiaomi Poco F5 12/256GB черный|30670 сом|https://www.kivano.kg/images/product/121362/1684744540_59542100.jpg
Сотовый телефон Xiaomi Poco F5 12/256GB синий|30670 сом|https://www.kivano.kg/images/product/121363/1684744542_86036000.jpg
Сотовый телефон Samsung Galaxy S23 Ultra 12/512GB зеленый|89300 сом|https://www.kivano.kg/images/product/118784/1679158987_31384800.jpg
Сотовый телефон Samsung Galaxy Z Flip 5 8/512GB кремовый|63340 сом|https://www.kivano.kg/images/product/128256/1697901834_63832900.jpg
Сотовый телефон Samsung Galaxy S23 Ultra 12/512GB кремовый|89300 сом|https://www.kivano.kg/images/product/118785/1679159066_25158800.jpg
Сотовый телефон Samsung Galaxy Z Flip 5 8/512GB лавандовый|63340 сом|https://www.kivano.kg/images/product/128257/1697901941_07758200.jpg
Сотовый телефон Samsung Galaxy S23 Ultra 12/512GB графит|89300 сом|https://www.kivano.kg/images/product/118786/1679159154_75202700.jpg
Сотовый телефон Samsung Galaxy S23 Ultra 12/512GB голубой|89300 сом|https://www.kivano.kg/images/product/118787/1679159225_02657600.jpg
Сотовый телефон Samsung Galaxy S23 Ultra 12/512GB лайм|89300 сом|https://www.kivano.kg/images/product/118788/1679159303_34858200.jpg
Сотовый телефон Samsung Galaxy S23 Ultra 12/512GB красный|89300 сом|https://www.kivano.kg/images/product/118789/1679159390_27278700.jpg
Сотовый телефон Xiaomi Redmi 12C 6/128GB черный|10280 сом|https://www.kivano.kg/images/product/118790/1679159972_25379300.jpg
Сотовый телефон Xiaomi Redmi 12C 6/128GB мятный|10280 сом|https://www.kivano.kg/images/product/118791/1679159976_98230000.jpg
Сотовый телефон Xiaomi Redmi 12C 6/128GB синий|10280 сом|https://www.kivano.kg/images/product/118792/1679159979_27279600.jpg
Сотовый телефон Samsung Galaxy A14 4G 4/128GB зеленый|11910 сом|https://www.kivano.kg/images/product/118793/1679160263_12359900.jpg
Сотовый телефон Apple iPhone 13 128GB зеленый|55830 сом|https://www.kivano.kg/images/product/105482/1650357323_84906500.png
Сотовый телефон Xiaomi 12 12/256GB голубой|45640 сом|https://www.kivano.kg/images/product/105228/1649419104_93416600.jpg
Сотовый телефон Xiaomi 12 12/256GB серый|45640 сом|https://www.kivano.kg/images/product/105229/1649419306_24235400.jpg
Сотовый телефон Xiaomi 12 Lite 6/128GB черный|26970 сом|https://www.kivano.kg/images/product/109071/1658516810_62408600.jpg
Сотовый телефон Xiaomi 12 Lite 6/128GB зеленый|26970 сом|https://www.kivano.kg/images/product/109072/1658516838_91747800.jpg
Сотовый телефон Xiaomi 12 Lite 6/128GB розовый|26970 сом|https://www.kivano.kg/images/product/109073/1658516849_62016100.jpg
Сотовый телефон Xiaomi Poco F5 12/256GB черный|30670 сом|https://www.kivano.kg/images/product/121362/1684744540_59542100.jpg
Сотовый телефон Xiaomi Poco F5 12/256GB синий|30670 сом|https://www.kivano.kg/images/product/121363/1684744542_86036000.jpg
Сотовый телефон Samsung Galaxy S23 Ultra 12/512GB зеленый|89300 сом|https://www.kivano.kg/images/product/118784/1679158987_31384800.jpg
Сотовый телефон Samsung Galaxy Z Flip 5 8/512GB кремовый|63340 сом|https://www.kivano.kg/images/product/128256/1697901834_63832900.jpg
Сотовый телефон Samsung Galaxy S23 Ultra 12/512GB кремовый|89300 сом|https://www.kivano.kg/images/product/118785/1679159066_25158800.jpg
Сотовый телефон Samsung Galaxy Z Flip 5 8/512GB лавандовый|63340 сом|https://www.kivano.kg/images/product/128257/1697901941_07758200.jpg
Сотовый телефон Samsung Galaxy S23 Ultra 12/512GB графит|89300 сом|https://www.kivano.kg/images/product/118786/1679159154_75202700.jpg
Сотовый телефон Samsung Galaxy S23 Ultra 12/512GB голубой|89300 сом|https://www.kivano.kg/images/product/118787/1679159225_02657600.jpg
Сотовый телефон Samsung Galaxy S23 Ultra 12/512GB лайм|89300 сом|https://www.kivano.kg/images/product/118788/1679159303_34858200.jpg
Сотовый телефон Samsung Galaxy S23 Ultra 12/512GB красный|89300 сом|https://www.kivano.kg/images/product/118789/1679159390_27278700.jpg
Сотовый телефон Xiaomi Redmi 12C 6/128GB черный|10280 сом|https://www.kivano.kg/images/product/118790/1679159972_25379300.jpg
Сотовый телефон Xiaomi Redmi 12C 6/128GB мятный|10280 сом|https://www.kivano.kg/images/product/118791/1679159976_98230000.jpg
Сотовый телефон Xiaomi Redmi 12C 6/128GB синий|10280 сом|https://www.kivano.kg/images/product/118792/1679159979_27279600.jpg
Сотовый телефон Samsung Galaxy A14 4G 4/128GB зеленый|11910 сом|https://www.kivano.kg/images/product/118793/1679160263_12359900.jpg
Сотовый телефон Apple iPhone 13 128GB зеленый|55830 сом|https://www.kivano.kg/images/product/105482/1650357323_84906500.png
Сотовый телефон Xiaomi 12 12/256GB голубой|45640 сом|https://www.kivano.kg/images/product/105228/1649419104_93416600.jpg
Сотовый телефон Xiaomi 12 12/256GB серый|45640 сом|https://www.kivano.kg/images/product/105229/1649419306_24235400.jpg
Сотовый телефон Xiaomi 12 Lite 6/128GB черный|26970 сом|https://www.kivano.kg/images/product/109071/1658516810_62408600.jpg
Сотовый телефон Xiaomi 12 Lite 6/128GB зеленый|26970 сом|https://www.kivano.kg/images/product/109072/1658516838_91747800.jpg
Сотовый телефон Xiaomi 12 Lite 6/128GB розовый|26970 сом|https://www.kivano.kg/images/product/109073/1658516849_62016100.jpg
Сотовый телефон Xiaomi Poco F5 12/256GB черный|30670 сом|https://www.kivano.kg/images/product/121362/1684744540_59542100.jpg
Сотовый телефон Xiaomi Poco F5 12/256GB синий|30670 сом|https://www.kivano.kg/images/product/121363/1684744542_86036000.jpg
Сотовый телефон Samsung Galaxy S23 Ultra 12/512GB зеленый|89300 сом|https://www.kivano.kg/images/product/118784/1679158987_31384800.jpg
Сотовый телефон Samsung Galaxy Z Flip 5 8/512GB кремовый|63340 сом|https://www.kivano.kg/images/product/128256/1697901834_63832900.jpg
Сотовый телефон Samsung Galaxy S23 Ultra 12/512GB кремовый|89300 сом|https://www.kivano.kg/images/product/118785/1679159066_25158800.jpg
Сотовый телефон Samsung Galaxy Z Flip 5 8/512GB лавандовый|63340 сом|https://www.kivano.kg/images/product/128257/1697901941_07758200.jpg
Сотовый телефон Samsung Galaxy S23 Ultra 12/512GB графит|89300 сом|https://www.kivano.kg/images/product/118786/1679159154_75202700.jpg
Сотовый телефон Samsung Galaxy S23 Ultra 12/512GB голубой|89300 сом|https://www.kivano.kg/images/product/118787/1679159225_02657600.jpg
Сотовый телефон Samsung Galaxy S23 Ultra 12/512GB лайм|89300 сом|https://www.kivano.kg/images/product/118788/1679159303_34858200.jpg
Сотовый телефон Samsung Galaxy S23 Ultra 12/512GB красный|89300 сом|https://www.kivano.kg/images/product/118789/1679159390_27278700.jpg
Сотовый телефон Xiaomi Redmi 12C 6/128GB черный|10280 сом|https://www.kivano.kg/images/product/118790/1679159972_25379300.jpg
Сотовый телефон Xiaomi Redmi 12C 6/128GB мятный|10280 сом|https://www.kivano.kg/images/product/118791/1679159976_98230000.jpg
Сотовый телефон Xiaomi Redmi 12C 6/128GB синий|10280 сом|https://www.kivano.kg/images/product/118792/1679159979_27279600.jpg
Сотовый телефон Samsung Galaxy A14 4G 4/128GB зеленый|11910 сом|https://www.kivano.kg/images/product/118793/1679160263_12359900.jpg
Сотовый телефон Apple iPhone 13 128GB зеленый|55830 сом|https://www.kivano.kg/images/product/105482/1650357323_84906500.png
Сотовый телефон Xiaomi 12 12/256GB голубой|45640 сом|https://www.kivano.kg/images/product/105228/1649419104_93416600.jpg
Сотовый телефон Xiaomi 12 12/256GB серый|45640 сом|https://www.kivano.kg/images/product/105229/1649419306_24235400.jpg
Сотовый телефон Xiaomi 12 Lite 6/128GB черный|26970 сом|https://www.kivano.kg/images/product/109071/1658516810_62408600.jpg
Сотовый телефон Xiaomi 12 Lite 6/128GB зеленый|26970 сом|https://www.kivano.kg/images/product/109072/1658516838_91747800.jpg
Сотовый телефон Xiaomi 12 Lite 6/128GB розовый|26970 сом|https://www.kivano.kg/images/product/109073/1658516849_62016100.jpg
Сотовый телефон Xiaomi Poco F5 12/256GB черный|30670 сом|https://www.kivano.kg/images/product/121362/1684744540_59542100.jpg
Сотовый телефон Xiaomi Poco F5 12/256GB синий|30670 сом|https://www.kivano.kg/images/product/121363/1684744542_86036000.jpg
Сотовый телефон Samsung Galaxy S23 Ultra 12/512GB зеленый|89300 сом|https://www.kivano.kg/images/product/118784/1679158987_31384800.jpg
Сотовый телефон Samsung Galaxy Z Flip 5 8/512GB кремовый|63340 сом|https://www.kivano.kg/images/product/128256/1697901834_63832900.jpg
Сотовый телефон Samsung Galaxy S23 Ultra 12/512GB кремовый|89300 сом|https://www.kivano.kg/images/product/118785/1679159066_25158800.jpg
Сотовый телефон Samsung Galaxy Z Flip 5 8/512GB лавандовый|63340 сом|https://www.kivano.kg/images/product/128257/1697901941_07758200.jpg
Сотовый телефон Samsung Galaxy S23 Ultra 12/512GB графит|89300 сом|https://www.kivano.kg/images/product/118786/1679159154_75202700.jpg
Сотовый телефон Samsung Galaxy S23 Ultra 12/512GB голубой|89300 сом|https://www.kivano.kg/images/product/118787/1679159225_02657600.jpg
Сотовый телефон Samsung Galaxy S23 Ultra 12/512GB лайм|89300 сом|https://www.kivano.kg/images/product/118788/1679159303_34858200.jpg
Сотовый телефон Samsung Galaxy S23 Ultra 12/512GB красный|89300 сом|https://www.kivano.kg/images/product/118789/1679159390_27278700.jpg
Сотовый телефон Xiaomi Redmi 12C 6/128GB черный|10280 сом|https://www.kivano.kg/images/product/118790/1679159972_25379300.jpg
Сотовый телефон Xiaomi Redmi 12C 6/128GB мятный|10280 сом|https://www.kivano.kg/images/product/118791/1679159976_98230000.jpg
Сотовый телефон Xiaomi Redmi 12C 6/128GB синий|10280 сом|https://www.kivano.kg/images/product/118792/1679159979_27279600.jpg
Сотовый телефон Samsung Galaxy A14 4G 4/128GB зеленый|11910 сом|https://www.kivano.kg/images/product/118793/1679160263_12359900.jpg
Сотовый телефон Apple iPhone 13 128GB зеленый|55830 сом|https://www.kivano.kg/images/product/105482/1650357323_84906500.png
Сотовый телефон Xiaomi 12 12/256GB голубой|45640 сом|https://www.kivano.kg/images/product/105228/1649419104_93416600.jpg
Сотовый телефон Xiaomi 12 12/256GB серый|45640 сом|https://www.kivano.kg/images/product/105229/1649419306_24235400.jpg
Сотовый телефон Xiaomi 12 Lite 6/128GB черный|26970 сом|https://www.kivano.kg/images/product/109071/1658516810_62408600.jpg
Сотовый телефон Xiaomi 12 Lite 6/128GB зеленый|26970 сом|https://www.kivano.kg/images/product/109072/1658516838_91747800.jpg
Сотовый телефон Xiaomi 12 Lite 6/128GB розовый|26970 сом|https://www.kivano.kg/images/product/109073/1658516849_62016100.jpg
Сотовый телефон Xiaomi Poco F5 12/256GB черный|30670 сом|https://www.kivano.kg/images/product/121362/1684744540_59542100.jpg
Сотовый телефон Xiaomi Poco F5 12/256GB синий|30670 сом|https://www.kivano.kg/images/product/121363/1684744542_86036000.jpg
Сотовый телефон Samsung Galaxy S23 Ultra 12/512GB зеленый|89300 сом|https://www.kivano.kg/images/product/118784/1679158987_31384800.jpg
Сотовый телефон Samsung Galaxy Z Flip 5 8/512GB кремовый|63340 сом|https://www.kivano.kg/images/product/128256/1697901834_63832900.jpg
Сотовый телефон Samsung Galaxy S23 Ultra 12/512GB кремовый|89300 сом|https://www.kivano.kg/images/product/118785/1679159066_25158800.jpg
Сотовый телефон Samsung Galaxy Z Flip 5 8/512GB лавандовый|63340 сом|https://www.kivano.kg/images/product/128257/1697901941_07758200.jpg
Сотовый телефон Samsung Galaxy S23 Ultra 12/512GB графит|89300 сом|https://www.kivano.kg/images/product/118786/1679159154_75202700.jpg
Сотовый телефон Samsung Galaxy S23 Ultra 12/512GB голубой|89300 сом|https://www.kivano.kg/images/product/118787/1679159225_02657600.jpg
Сотовый телефон Samsung Galaxy S23 Ultra 12/512GB лайм|89300 сом|https://www.kivano.kg/images/product/118788/1679159303_34858200.jpg
Сотовый телефон Samsung Galaxy S23 Ultra 12/512GB красный|89300 сом|https://www.kivano.kg/images/product/118789/1679159390_27278700.jpg
Сотовый телефон Xiaomi Redmi 12C 6/128GB черный|10280 сом|https://www.kivano.kg/images/product/118790/1679159972_25379300.jpg
Сотовый телефон Xiaomi Redmi 12C 6/128GB мятный|10280 сом|https://www.kivano.kg/images/product/118791/1679159976_98230000.jpg
Сотовый телефон Xiaomi Redmi 12C 6/128GB синий|10280 сом|https://www.kivano.kg/images/product/118792/1679159979_27279600.jpg
Сотовый телефон Samsung Galaxy A14 4G 4/128GB зеленый|11910 сом|https://www.kivano.kg/images/product/118793/1679160263_12359900.jpg
Сотовый телефон Apple iPhone 13 128GB зеленый|55830 сом|https://www.kivano.kg/images/product/105482/1650357323_84906500.png
Сотовый телефон Xiaomi 12 12/256GB голубой|45640 сом|https://www.kivano.kg/images/product/105228/1649419104_93416600.jpg
Сотовый телефон Xiaomi 12 12/256GB серый|45640 сом|https://www.kivano.kg/images/product/105229/1649419306_24235400.jpg
Сотовый телефон Xiaomi 12 Lite 6/128GB черный|26970 сом|https://www.kivano.kg/images/product/109071/1658516810_62408600.jpg
Сотовый телефон Xiaomi 12 Lite 6/128GB зеленый|26970 сом|https://www.kivano.kg/images/product/109072/1658516838_91747800.jpg
Сотовый телефон Xiaomi 12 Lite 6/128GB розовый|26970 сом|https://www.kivano.kg/images/product/109073/1658516849_62016100.jpg
Сотовый телефон Xiaomi Poco F5 12/256GB черный|30670 сом|https://www.kivano.kg/images/product/121362/1684744540_59542100.jpg
Сотовый телефон Xiaomi Poco F5 12/256GB синий|30670 сом|https://www.kivano.kg/images/product/121363/1684744542_86036000.jpg
Сотовый телефон Samsung Galaxy S23 Ultra 12/512GB зеленый|89300 сом|https://www.kivano.kg/images/product/118784/1679158987_31384800.jpg
Сотовый телефон Samsung Galaxy Z Flip 5 8/512GB кремовый|63340 сом|https://www.kivano.kg/images/product/128256/1697901834_63832900.jpg
Сотовый телефон Samsung Galaxy S23 Ultra 12/512GB кремовый|89300 сом|https://www.kivano.kg/images/product/118785/1679159066_25158800.jpg
Сотовый телефон Samsung Galaxy Z Flip 5 8/512GB лавандовый|63340 сом|https://www.kivano.kg/images/product/128257/1697901941_07758200.jpg
Сотовый телефон Samsung Galaxy S23 Ultra 12/512GB графит|89300 сом|https://www.kivano.kg/images/product/118786/1679159154_75202700.jpg
Сотовый телефон Samsung Galaxy S23 Ultra 12/512GB голубой|89300 сом|https://www.kivano.kg/images/product/118787/1679159225_02657600.jpg
Сотовый телефон Samsung Galaxy S23 Ultra 12/512GB лайм|89300 сом|https://www.kivano.kg/images/product/118788/1679159303_34858200.jpg
Сотовый телефон Samsung Galaxy S23 Ultra 12/512GB красный|89300 сом|https://www.kivano.kg/images/product/118789/1679159390_27278700.jpg
Сотовый телефон Xiaomi Redmi 12C 6/128GB черный|10280 сом|https://www.kivano.kg/images/product/118790/1679159972_25379300.jpg
Сотовый телефон Xiaomi Redmi 12C 6/128GB мятный|10280 сом|https://www.kivano.kg/images/product/118791/1679159976_98230000.jpg
Сотовый телефон Xiaomi Redmi 12C 6/128GB синий|10280 сом|https://www.kivano.kg/images/product/118792/1679159979_27279600.jpg
Сотовый телефон Samsung Galaxy A14 4G 4/128GB зеленый|11910 сом|https://www.kivano.kg/images/product/118793/1679160263_12359900.jpg
Сотовый телефон Apple iPhone 13 128GB зеленый|55830 сом|https://www.kivano.kg/images/product/105482/1650357323_84906500.png
Сотовый телефон Xiaomi 12 12/256GB голубой|45640 сом|https://www.kivano.kg/images/product/105228/1649419104_93416600.jpg
Сотовый телефон Xiaomi 12 12/256GB серый|45640 сом|https://www.kivano.kg/images/product/105229/1649419306_24235400.jpg
Сотовый телефон Xiaomi 12 Lite 6/128GB черный|26970 сом|https://www.kivano.kg/images/product/109071/1658516810_62408600.jpg
Сотовый телефон Xiaomi 12 Lite 6/128GB зеленый|26970 сом|https://www.kivano.kg/images/product/109072/1658516838_91747800.jpg
Сотовый телефон Xiaomi 12 Lite 6/128GB розовый|26970 сом|https://www.kivano.kg/images/product/109073/1658516849_62016100.jpg
Сотовый телефон Xiaomi Poco F5 12/256GB черный|30670 сом|https://www.kivano.kg/images/product/121362/1684744540_59542100.jpg
Сотовый телефон Xiaomi Poco F5 12/256GB синий|30670 сом|https://www.kivano.kg/images/product/121363/1684744542_86036000.jpg
